strategy,scenario_id,group,family,expected,status,primary,candidates_top3,exact_top1,primary_hit,top3_hit,partial_credit,wrong_primary,coverage,latency_ms
bm25_only,A1-T1046-01,A1,T1046,T1046,mapped,T1095,T1095;T1190;T1595.003,0,0,0,0.0,1,1,2.339
bm25_only,A1-T1046-02,A1,T1046,T1046,not_run,,,0,0,0,0.0,0,0,
bm25_only,A1-T1078-01,A1,T1078,T1078,not_run,,,0,0,0,0.0,0,0,
bm25_only,A1-T1189-01,A1,T1189,T1189,not_run,,,0,0,0,0.0,0,0,
bm25_only,A1-T1189-02,A1,T1189,T1189,not_run,,,0,0,0,0.0,0,0,
bm25_only,A1-T1190-01,A1,T1190,T1190,not_run,,,0,0,0,0.0,0,0,
bm25_only,A1-T1190-02,A1,T1190,T1190,not_run,,,0,0,0,0.0,0,0,
bm25_only,A1-T1190-03,A1,T1190,T1190,not_run,,,0,0,0,0.0,0,0,
bm25_only,A1-T1190-04,A1,T1190,T1190,not_run,,,0,0,0,0.0,0,0,
bm25_only,A1-T1190-05,A1,T1190,T1190,not_run,,,0,0,0,0.0,0,0,
bm25_only,A1-T1210-01,A1,T1210,T1210,not_run,,,0,0,0,0.0,0,0,
bm25_only,A1-T1210-02,A1,T1210,T1210,not_run,,,0,0,0,0.0,0,0,
bm25_only,A1-T1210-03,A1,T1210,T1210,not_run,,,0,0,0,0.0,0,0,
bm25_only,A1-T1210-04,A1,T1210,T1210,not_run,,,0,0,0,0.0,0,0,
bm25_only,A1-T1210-05,A1,T1210,T1210,not_run,,,0,0,0,0.0,0,0,
bm25_only,A2-T1046-01,A2,T1046,T1046,not_run,,,0,0,0,0.0,0,0,
bm25_only,A2-T1046-02,A2,T1046,T1046,not_run,,,0,0,0,0.0,0,0,
bm25_only,A2-T1046-03,A2,T1046,T1046,not_run,,,0,0,0,0.0,0,0,
bm25_only,A2-T1071.001-01,A2,T1071.001,T1071.001,not_run,,,0,0,0,0.0,0,0,
bm25_only,A2-T1071.001-02,A2,T1071.001,T1071.001,not_run,,,0,0,0,0.0,0,0,
bm25_only,A2-T1071.001-03,A2,T1071.001,T1071.001,not_run,,,0,0,0,0.0,0,0,
bm25_only,A2-T1071.001-04,A2,T1071.001,T1071.001,not_run,,,0,0,0,0.0,0,0,
bm25_only,A2-T1071.001-05,A2,T1071.001,T1071.001,not_run,,,0,0,0,0.0,0,0,
bm25_only,A2-T1078-01,A2,T1078,T1078,not_run,,,0,0,0,0.0,0,0,
bm25_only,A2-T1078-02,A2,T1078,T1078,not_run,,,0,0,0,0.0,0,0,
bm25_only,A2-T1078-03,A2,T1078,T1078,not_run,,,0,0,0,0.0,0,0,
bm25_only,A2-T1078-04,A2,T1078,T1078,not_run,,,0,0,0,0.0,0,0,
bm25_only,A2-T1095-01,A2,T1095,T1095,not_run,,,0,0,0,0.0,0,0,
bm25_only,A2-T1095-02,A2,T1095,T1095,not_run,,,0,0,0,0.0,0,0,
bm25_only,A2-T1095-03,A2,T1095,T1095,not_run,,,0,0,0,0.0,0,0,
bm25_only,A2-T1095-04,A2,T1095,T1095,not_run,,,0,0,0,0.0,0,0,
bm25_only,A2-T1095-05,A2,T1095,T1095,not_run,,,0,0,0,0.0,0,0,
bm25_only,A2-T1110-01,A2,T1110,T1110,not_run,,,0,0,0,0.0,0,0,
bm25_only,A2-T1110-02,A2,T1110,T1110,not_run,,,0,0,0,0.0,0,0,
bm25_only,A2-T1110-03,A2,T1110,T1110,not_run,,,0,0,0,0.0,0,0,
bm25_only,A2-T1110-04,A2,T1110,T1110,not_run,,,0,0,0,0.0,0,0,
bm25_only,A2-T1110-05,A2,T1110,T1110,not_run,,,0,0,0,0.0,0,0,
bm25_only,A2-T1110.001-01,A2,T1110.001,T1110.001,not_run,,,0,0,0,0.0,0,0,
bm25_only,A2-T1110.001-02,A2,T1110.001,T1110.001,not_run,,,0,0,0,0.0,0,0,
bm25_only,A2-T1110.001-03,A2,T1110.001,T1110.001,not_run,,,0,0,0,0.0,0,0,
bm25_only,A2-T1110.001-04,A2,T1110.001,T1110.001,not_run,,,0,0,0,0.0,0,0,
bm25_only,A2-T1110.001-05,A2,T1110.001,T1110.001,not_run,,,0,0,0,0.0,0,0,
bm25_only,A2-T1110.003-01,A2,T1110.003,T1110.003,not_run,,,0,0,0,0.0,0,0,
bm25_only,A2-T1110.003-02,A2,T1110.003,T1110.003,not_run,,,0,0,0,0.0,0,0,
bm25_only,A2-T1110.003-03,A2,T1110.003,T1110.003,not_run,,,0,0,0,0.0,0,0,
bm25_only,A2-T1110.003-04,A2,T1110.003,T1110.003,not_run,,,0,0,0,0.0,0,0,
bm25_only,A2-T1110.003-05,A2,T1110.003,T1110.003,not_run,,,0,0,0,0.0,0,0,
bm25_only,A2-T1189-01,A2,T1189,T1189,not_run,,,0,0,0,0.0,0,0,
bm25_only,A2-T1189-02,A2,T1189,T1189,not_run,,,0,0,0,0.0,0,0,
bm25_only,A2-T1189-03,A2,T1189,T1189,not_run,,,0,0,0,0.0,0,0,
bm25_only,A2-T1498-01,A2,T1498,T1498,not_run,,,0,0,0,0.0,0,0,
bm25_only,A2-T1498-02,A2,T1498,T1498,not_run,,,0,0,0,0.0,0,0,
bm25_only,A2-T1498-03,A2,T1498,T1498,not_run,,,0,0,0,0.0,0,0,
bm25_only,A2-T1498-04,A2,T1498,T1498,not_run,,,0,0,0,0.0,0,0,
bm25_only,A2-T1498-05,A2,T1498,T1498,not_run,,,0,0,0,0.0,0,0,
bm25_only,A2-T1499-01,A2,T1499,T1499,not_run,,,0,0,0,0.0,0,0,
bm25_only,A2-T1499-02,A2,T1499,T1499,not_run,,,0,0,0,0.0,0,0,
bm25_only,A2-T1499-03,A2,T1499,T1499,not_run,,,0,0,0,0.0,0,0,
bm25_only,A2-T1499-04,A2,T1499,T1499,not_run,,,0,0,0,0.0,0,0,
bm25_only,A2-T1499-05,A2,T1499,T1499,not_run,,,0,0,0,0.0,0,0,
bm25_only,A2-T1505.003-01,A2,T1505.003,T1505.003,not_run,,,0,0,0,0.0,0,0,
bm25_only,A2-T1505.003-02,A2,T1505.003,T1505.003,not_run,,,0,0,0,0.0,0,0,
bm25_only,A2-T1505.003-03,A2,T1505.003,T1505.003,not_run,,,0,0,0,0.0,0,0,
bm25_only,A2-T1505.003-04,A2,T1505.003,T1505.003,not_run,,,0,0,0,0.0,0,0,
bm25_only,A2-T1505.003-05,A2,T1505.003,T1505.003,not_run,,,0,0,0,0.0,0,0,
bm25_only,A2-T1595-01,A2,T1595,T1595,not_run,,,0,0,0,0.0,0,0,
bm25_only,A2-T1595-02,A2,T1595,T1595,not_run,,,0,0,0,0.0,0,0,
bm25_only,A2-T1595-03,A2,T1595,T1595,not_run,,,0,0,0,0.0,0,0,
bm25_only,A2-T1595-04,A2,T1595,T1595,not_run,,,0,0,0,0.0,0,0,
bm25_only,A2-T1595-05,A2,T1595,T1595,not_run,,,0,0,0,0.0,0,0,
bm25_only,A2-T1595.001-01,A2,T1595.001,T1595.001,not_run,,,0,0,0,0.0,0,0,
bm25_only,A2-T1595.001-02,A2,T1595.001,T1595.001,not_run,,,0,0,0,0.0,0,0,
bm25_only,A2-T1595.001-03,A2,T1595.001,T1595.001,not_run,,,0,0,0,0.0,0,0,
bm25_only,A2-T1595.001-04,A2,T1595.001,T1595.001,not_run,,,0,0,0,0.0,0,0,
bm25_only,A2-T1595.001-05,A2,T1595.001,T1595.001,not_run,,,0,0,0,0.0,0,0,
bm25_only,A2-T1595.002-01,A2,T1595.002,T1595.002,not_run,,,0,0,0,0.0,0,0,
bm25_only,A2-T1595.002-02,A2,T1595.002,T1595.002,not_run,,,0,0,0,0.0,0,0,
bm25_only,A2-T1595.002-03,A2,T1595.002,T1595.002,not_run,,,0,0,0,0.0,0,0,
bm25_only,A2-T1595.002-04,A2,T1595.002,T1595.002,not_run,,,0,0,0,0.0,0,0,
bm25_only,A2-T1595.002-05,A2,T1595.002,T1595.002,not_run,,,0,0,0,0.0,0,0,
bm25_only,A2-T1595.003-01,A2,T1595.003,T1595.003,not_run,,,0,0,0,0.0,0,0,
bm25_only,A2-T1595.003-02,A2,T1595.003,T1595.003,not_run,,,0,0,0,0.0,0,0,
bm25_only,A2-T1595.003-03,A2,T1595.003,T1595.003,not_run,,,0,0,0,0.0,0,0,
bm25_only,A2-T1595.003-04,A2,T1595.003,T1595.003,not_run,,,0,0,0,0.0,0,0,
bm25_only,A2-T1595.003-05,A2,T1595.003,T1595.003,not_run,,,0,0,0,0.0,0,0,
bm25_only,A2-T1659-01,A2,T1659,T1659,not_run,,,0,0,0,0.0,0,0,
bm25_only,A2-T1659-02,A2,T1659,T1659,not_run,,,0,0,0,0.0,0,0,
bm25_only,A2-T1659-03,A2,T1659,T1659,not_run,,,0,0,0,0.0,0,0,
bm25_only,A2-T1659-04,A2,T1659,T1659,not_run,,,0,0,0,0.0,0,0,
bm25_only,A2-T1659-05,A2,T1659,T1659,not_run,,,0,0,0,0.0,0,0,
bm25_only_threshold,A1-T1046-01,A1,T1046,T1046,mapped,T1095,T1095;T1190;T1595.003,0,0,0,0.0,1,1,3.461
bm25_only_threshold,A1-T1046-02,A1,T1046,T1046,not_run,,,0,0,0,0.0,0,0,
bm25_only_threshold,A1-T1078-01,A1,T1078,T1078,not_run,,,0,0,0,0.0,0,0,
bm25_only_threshold,A1-T1189-01,A1,T1189,T1189,not_run,,,0,0,0,0.0,0,0,
bm25_only_threshold,A1-T1189-02,A1,T1189,T1189,not_run,,,0,0,0,0.0,0,0,
bm25_only_threshold,A1-T1190-01,A1,T1190,T1190,not_run,,,0,0,0,0.0,0,0,
bm25_only_threshold,A1-T1190-02,A1,T1190,T1190,not_run,,,0,0,0,0.0,0,0,
bm25_only_threshold,A1-T1190-03,A1,T1190,T1190,not_run,,,0,0,0,0.0,0,0,
bm25_only_threshold,A1-T1190-04,A1,T1190,T1190,not_run,,,0,0,0,0.0,0,0,
bm25_only_threshold,A1-T1190-05,A1,T1190,T1190,not_run,,,0,0,0,0.0,0,0,
bm25_only_threshold,A1-T1210-01,A1,T1210,T1210,not_run,,,0,0,0,0.0,0,0,
bm25_only_threshold,A1-T1210-02,A1,T1210,T1210,not_run,,,0,0,0,0.0,0,0,
bm25_only_threshold,A1-T1210-03,A1,T1210,T1210,not_run,,,0,0,0,0.0,0,0,
bm25_only_threshold,A1-T1210-04,A1,T1210,T1210,not_run,,,0,0,0,0.0,0,0,
bm25_only_threshold,A1-T1210-05,A1,T1210,T1210,not_run,,,0,0,0,0.0,0,0,
bm25_only_threshold,A2-T1046-01,A2,T1046,T1046,not_run,,,0,0,0,0.0,0,0,
bm25_only_threshold,A2-T1046-02,A2,T1046,T1046,not_run,,,0,0,0,0.0,0,0,
bm25_only_threshold,A2-T1046-03,A2,T1046,T1046,not_run,,,0,0,0,0.0,0,0,
bm25_only_threshold,A2-T1071.001-01,A2,T1071.001,T1071.001,not_run,,,0,0,0,0.0,0,0,
bm25_only_threshold,A2-T1071.001-02,A2,T1071.001,T1071.001,not_run,,,0,0,0,0.0,0,0,
bm25_only_threshold,A2-T1071.001-03,A2,T1071.001,T1071.001,not_run,,,0,0,0,0.0,0,0,
bm25_only_threshold,A2-T1071.001-04,A2,T1071.001,T1071.001,not_run,,,0,0,0,0.0,0,0,
bm25_only_threshold,A2-T1071.001-05,A2,T1071.001,T1071.001,not_run,,,0,0,0,0.0,0,0,
bm25_only_threshold,A2-T1078-01,A2,T1078,T1078,not_run,,,0,0,0,0.0,0,0,
bm25_only_threshold,A2-T1078-02,A2,T1078,T1078,not_run,,,0,0,0,0.0,0,0,
bm25_only_threshold,A2-T1078-03,A2,T1078,T1078,not_run,,,0,0,0,0.0,0,0,
bm25_only_threshold,A2-T1078-04,A2,T1078,T1078,not_run,,,0,0,0,0.0,0,0,
bm25_only_threshold,A2-T1095-01,A2,T1095,T1095,not_run,,,0,0,0,0.0,0,0,
bm25_only_threshold,A2-T1095-02,A2,T1095,T1095,not_run,,,0,0,0,0.0,0,0,
bm25_only_threshold,A2-T1095-03,A2,T1095,T1095,not_run,,,0,0,0,0.0,0,0,
bm25_only_threshold,A2-T1095-04,A2,T1095,T1095,not_run,,,0,0,0,0.0,0,0,
bm25_only_threshold,A2-T1095-05,A2,T1095,T1095,not_run,,,0,0,0,0.0,0,0,
bm25_only_threshold,A2-T1110-01,A2,T1110,T1110,not_run,,,0,0,0,0.0,0,0,
bm25_only_threshold,A2-T1110-02,A2,T1110,T1110,not_run,,,0,0,0,0.0,0,0,
bm25_only_threshold,A2-T1110-03,A2,T1110,T1110,not_run,,,0,0,0,0.0,0,0,
bm25_only_threshold,A2-T1110-04,A2,T1110,T1110,not_run,,,0,0,0,0.0,0,0,
bm25_only_threshold,A2-T1110-05,A2,T1110,T1110,not_run,,,0,0,0,0.0,0,0,
bm25_only_threshold,A2-T1110.001-01,A2,T1110.001,T1110.001,not_run,,,0,0,0,0.0,0,0,
bm25_only_threshold,A2-T1110.001-02,A2,T1110.001,T1110.001,not_run,,,0,0,0,0.0,0,0,
bm25_only_threshold,A2-T1110.001-03,A2,T1110.001,T1110.001,not_run,,,0,0,0,0.0,0,0,
bm25_only_threshold,A2-T1110.001-04,A2,T1110.001,T1110.001,not_run,,,0,0,0,0.0,0,0,
bm25_only_threshold,A2-T1110.001-05,A2,T1110.001,T1110.001,not_run,,,0,0,0,0.0,0,0,
bm25_only_threshold,A2-T1110.003-01,A2,T1110.003,T1110.003,not_run,,,0,0,0,0.0,0,0,
bm25_only_threshold,A2-T1110.003-02,A2,T1110.003,T1110.003,not_run,,,0,0,0,0.0,0,0,
bm25_only_threshold,A2-T1110.003-03,A2,T1110.003,T1110.003,not_run,,,0,0,0,0.0,0,0,
bm25_only_threshold,A2-T1110.003-04,A2,T1110.003,T1110.003,not_run,,,0,0,0,0.0,0,0,
bm25_only_threshold,A2-T1110.003-05,A2,T1110.003,T1110.003,not_run,,,0,0,0,0.0,0,0,
bm25_only_threshold,A2-T1189-01,A2,T1189,T1189,not_run,,,0,0,0,0.0,0,0,
bm25_only_threshold,A2-T1189-02,A2,T1189,T1189,not_run,,,0,0,0,0.0,0,0,
bm25_only_threshold,A2-T1189-03,A2,T1189,T1189,not_run,,,0,0,0,0.0,0,0,
bm25_only_threshold,A2-T1498-01,A2,T1498,T1498,not_run,,,0,0,0,0.0,0,0,
bm25_only_threshold,A2-T1498-02,A2,T1498,T1498,not_run,,,0,0,0,0.0,0,0,
bm25_only_threshold,A2-T1498-03,A2,T1498,T1498,not_run,,,0,0,0,0.0,0,0,
bm25_only_threshold,A2-T1498-04,A2,T1498,T1498,not_run,,,0,0,0,0.0,0,0,
bm25_only_threshold,A2-T1498-05,A2,T1498,T1498,not_run,,,0,0,0,0.0,0,0,
bm25_only_threshold,A2-T1499-01,A2,T1499,T1499,not_run,,,0,0,0,0.0,0,0,
bm25_only_threshold,A2-T1499-02,A2,T1499,T1499,not_run,,,0,0,0,0.0,0,0,
bm25_only_threshold,A2-T1499-03,A2,T1499,T1499,not_run,,,0,0,0,0.0,0,0,
bm25_only_threshold,A2-T1499-04,A2,T1499,T1499,not_run,,,0,0,0,0.0,0,0,
bm25_only_threshold,A2-T1499-05,A2,T1499,T1499,not_run,,,0,0,0,0.0,0,0,
bm25_only_threshold,A2-T1505.003-01,A2,T1505.003,T1505.003,not_run,,,0,0,0,0.0,0,0,
bm25_only_threshold,A2-T1505.003-02,A2,T1505.003,T1505.003,not_run,,,0,0,0,0.0,0,0,
bm25_only_threshold,A2-T1505.003-03,A2,T1505.003,T1505.003,not_run,,,0,0,0,0.0,0,0,
bm25_only_threshold,A2-T1505.003-04,A2,T1505.003,T1505.003,not_run,,,0,0,0,0.0,0,0,
bm25_only_threshold,A2-T1505.003-05,A2,T1505.003,T1505.003,not_run,,,0,0,0,0.0,0,0,
bm25_only_threshold,A2-T1595-01,A2,T1595,T1595,not_run,,,0,0,0,0.0,0,0,
bm25_only_threshold,A2-T1595-02,A2,T1595,T1595,not_run,,,0,0,0,0.0,0,0,
bm25_only_threshold,A2-T1595-03,A2,T1595,T1595,not_run,,,0,0,0,0.0,0,0,
bm25_only_threshold,A2-T1595-04,A2,T1595,T1595,not_run,,,0,0,0,0.0,0,0,
bm25_only_threshold,A2-T1595-05,A2,T1595,T1595,not_run,,,0,0,0,0.0,0,0,
bm25_only_threshold,A2-T1595.001-01,A2,T1595.001,T1595.001,not_run,,,0,0,0,0.0,0,0,
bm25_only_threshold,A2-T1595.001-02,A2,T1595.001,T1595.001,not_run,,,0,0,0,0.0,0,0,
bm25_only_threshold,A2-T1595.001-03,A2,T1595.001,T1595.001,not_run,,,0,0,0,0.0,0,0,
bm25_only_threshold,A2-T1595.001-04,A2,T1595.001,T1595.001,not_run,,,0,0,0,0.0,0,0,
bm25_only_threshold,A2-T1595.001-05,A2,T1595.001,T1595.001,not_run,,,0,0,0,0.0,0,0,
bm25_only_threshold,A2-T1595.002-01,A2,T1595.002,T1595.002,not_run,,,0,0,0,0.0,0,0,
bm25_only_threshold,A2-T1595.002-02,A2,T1595.002,T1595.002,not_run,,,0,0,0,0.0,0,0,
bm25_only_threshold,A2-T1595.002-03,A2,T1595.002,T1595.002,not_run,,,0,0,0,0.0,0,0,
bm25_only_threshold,A2-T1595.002-04,A2,T1595.002,T1595.002,not_run,,,0,0,0,0.0,0,0,
bm25_only_threshold,A2-T1595.002-05,A2,T1595.002,T1595.002,not_run,,,0,0,0,0.0,0,0,
bm25_only_threshold,A2-T1595.003-01,A2,T1595.003,T1595.003,not_run,,,0,0,0,0.0,0,0,
bm25_only_threshold,A2-T1595.003-02,A2,T1595.003,T1595.003,not_run,,,0,0,0,0.0,0,0,
bm25_only_threshold,A2-T1595.003-03,A2,T1595.003,T1595.003,not_run,,,0,0,0,0.0,0,0,
bm25_only_threshold,A2-T1595.003-04,A2,T1595.003,T1595.003,not_run,,,0,0,0,0.0,0,0,
bm25_only_threshold,A2-T1595.003-05,A2,T1595.003,T1595.003,not_run,,,0,0,0,0.0,0,0,
bm25_only_threshold,A2-T1659-01,A2,T1659,T1659,not_run,,,0,0,0,0.0,0,0,
bm25_only_threshold,A2-T1659-02,A2,T1659,T1659,not_run,,,0,0,0,0.0,0,0,
bm25_only_threshold,A2-T1659-03,A2,T1659,T1659,not_run,,,0,0,0,0.0,0,0,
bm25_only_threshold,A2-T1659-04,A2,T1659,T1659,not_run,,,0,0,0,0.0,0,0,
bm25_only_threshold,A2-T1659-05,A2,T1659,T1659,not_run,,,0,0,0,0.0,0,0,
hybrid_current,A1-T1046-01,A1,T1046,T1046,mapped,T1190,T1190;T1505.003;T1189,0,0,0,0.0,1,1,1346.155
hybrid_current,A1-T1046-02,A1,T1046,T1046,mapped,T1190,T1190;T1505.003;T1189,0,0,0,0.0,1,1,1879.067
hybrid_current,A1-T1078-01,A1,T1078,T1078,mapped,T1190,T1190;T1505.003;T1189,0,0,0,0.0,1,1,1962.187
hybrid_current,A1-T1189-01,A1,T1189,T1189,insufficient_evidence,,T1190;T1189;T1505.003,0,0,1,0.0,0,0,1253.838
hybrid_current,A1-T1189-02,A1,T1189,T1189,mapped,T1190,T1190;T1189;T1505.003,0,0,1,0.0,1,1,1295.129
hybrid_current,A1-T1190-01,A1,T1190,T1190,mapped,T1190,T1190;T1189;T1210,1,1,1,1.0,0,1,1926.505
hybrid_current,A1-T1190-02,A1,T1190,T1190,mapped,T1190,T1190;T1189;T1210,1,1,1,1.0,0,1,1267.602
hybrid_current,A1-T1190-03,A1,T1190,T1190,mapped,T1190,T1190;T1210;T1189,1,1,1,1.0,0,1,2181.254
hybrid_current,A1-T1190-04,A1,T1190,T1190,mapped,T1190,T1190;T1189;T1210,1,1,1,1.0,0,1,1973.332
hybrid_current,A1-T1190-05,A1,T1190,T1190,mapped,T1190,T1190;T1505.003;T1189,1,1,1,1.0,0,1,2060.879
hybrid_current,A1-T1210-01,A1,T1210,T1210,insufficient_evidence,,T1210;T1505.003;T1189,0,0,1,0.0,0,0,2059.862
hybrid_current,A1-T1210-02,A1,T1210,T1210,insufficient_evidence,,T1210;T1505.003;T1189,0,0,1,0.0,0,0,2236.448
hybrid_current,A1-T1210-03,A1,T1210,T1210,insufficient_evidence,,T1210;T1505.003;T1189,0,0,1,0.0,0,0,2030.936
hybrid_current,A1-T1210-04,A1,T1210,T1210,insufficient_evidence,,T1210;T1505.003;T1189,0,0,1,0.0,0,0,2445.244
hybrid_current,A1-T1210-05,A1,T1210,T1210,mapped,T1190,T1190;T1189;T1210,0,0,1,0.0,1,1,2368.966
hybrid_current,A2-T1046-01,A2,T1046,T1046,mapped,T1046,T1046;T1595.001;T1595.002,1,1,1,1.0,0,1,1657.483
hybrid_current,A2-T1046-02,A2,T1046,T1046,mapped,T1046,T1046;T1595.002;T1595.001,1,1,1,1.0,0,1,1288.694
hybrid_current,A2-T1046-03,A2,T1046,T1046,mapped,T1046,T1046;T1595;T1595.001,1,1,1,1.0,0,1,1894.74
hybrid_current,A2-T1071.001-01,A2,T1071.001,T1071.001,insufficient_evidence,,T1190;T1505.003;T1189,0,0,0,0.0,0,0,1945.507
hybrid_current,A2-T1071.001-02,A2,T1071.001,T1071.001,insufficient_evidence,,T1190;T1505.003;T1189,0,0,0,0.0,0,0,1945.971
hybrid_current,A2-T1071.001-03,A2,T1071.001,T1071.001,insufficient_evidence,,T1190;T1505.003;T1189,0,0,0,0.0,0,0,1951.891
hybrid_current,A2-T1071.001-04,A2,T1071.001,T1071.001,insufficient_evidence,,T1190;T1505.003;T1189,0,0,0,0.0,0,0,1765.105
hybrid_current,A2-T1071.001-05,A2,T1071.001,T1071.001,insufficient_evidence,,T1190;T1505.003;T1189,0,0,0,0.0,0,0,2075.264
hybrid_current,A2-T1078-01,A2,T1078,T1078,mapped,T1190,T1190;T1505.003;T1189,0,0,0,0.0,1,1,1273.306
hybrid_current,A2-T1078-02,A2,T1078,T1078,mapped,T1190,T1190;T1505.003;T1189,0,0,0,0.0,1,1,1420.0
hybrid_current,A2-T1078-03,A2,T1078,T1078,mapped,T1078,T1078;T1110;T1110.001,1,1,1,1.0,0,1,1363.654
hybrid_current,A2-T1078-04,A2,T1078,T1078,mapped,T1078,T1078;T1110;T1110.001,1,1,1,1.0,0,1,3329.844
hybrid_current,A2-T1095-01,A2,T1095,T1095,mapped,T1095,T1095;T1659,1,1,1,1.0,0,1,1341.997
hybrid_current,A2-T1095-02,A2,T1095,T1095,mapped,T1095,T1095;T1659,1,1,1,1.0,0,1,1289.683
hybrid_current,A2-T1095-03,A2,T1095,T1095,mapped,T1095,T1095;T1659,1,1,1,1.0,0,1,1333.888
hybrid_current,A2-T1095-04,A2,T1095,T1095,mapped,T1095,T1095;T1659,1,1,1,1.0,0,1,1454.052
hybrid_current,A2-T1095-05,A2,T1095,T1095,mapped,T1095,T1095;T1659,1,1,1,1.0,0,1,1253.32
hybrid_current,A2-T1110-01,A2,T1110,T1110,mapped,T1110,T1110;T1078;T1110.003,1,1,1,1.0,0,1,1815.89
hybrid_current,A2-T1110-02,A2,T1110,T1110,mapped,T1110,T1110;T1078;T1110.003,1,1,1,1.0,0,1,3480.529
hybrid_current,A2-T1110-03,A2,T1110,T1110,mapped,T1110,T1110;T1078;T1110.003,1,1,1,1.0,0,1,2408.691
hybrid_current,A2-T1110-04,A2,T1110,T1110,mapped,T1110,T1110;T1078;T1110.003,1,1,1,1.0,0,1,2117.898
hybrid_current,A2-T1110-05,A2,T1110,T1110,mapped,T1110,T1110;T1078;T1110.003,1,1,1,1.0,0,1,2513.414
hybrid_current,A2-T1110.001-01,A2,T1110.001,T1110.001,mapped,T1110,T1110;T1110.001;T1110.003,0,0,1,0.5,0,1,3293.283
hybrid_current,A2-T1110.001-02,A2,T1110.001,T1110.001,mapped,T1110,T1110;T1110.001;T1110.003,0,0,1,0.5,0,1,3234.286
hybrid_current,A2-T1110.001-03,A2,T1110.001,T1110.001,mapped,T1110,T1110;T1110.001;T1110.003,0,0,1,0.5,0,1,2801.322
hybrid_current,A2-T1110.001-04,A2,T1110.001,T1110.001,mapped,T1110,T1110;T1110.001;T1110.003,0,0,1,0.5,0,1,2197.628
hybrid_current,A2-T1110.001-05,A2,T1110.001,T1110.001,mapped,T1110,T1110;T1110.001;T1110.003,0,0,1,0.5,0,1,2339.75
hybrid_current,A2-T1110.003-01,A2,T1110.003,T1110.003,uncertain,T1110.003,T1110.003;T1110;T1110.001,1,1,1,1.0,0,1,2508.306
hybrid_current,A2-T1110.003-02,A2,T1110.003,T1110.003,mapped,T1110,T1110;T1110.003;T1110.001,0,0,1,0.5,0,1,3090.67
hybrid_current,A2-T1110.003-03,A2,T1110.003,T1110.003,mapped,T1110,T1110;T1110.003;T1110.001,0,0,1,0.5,0,1,2604.185
hybrid_current,A2-T1110.003-04,A2,T1110.003,T1110.003,mapped,T1110,T1110;T1110.003;T1110.001,0,0,1,0.5,0,1,3021.629
hybrid_current,A2-T1110.003-05,A2,T1110.003,T1110.003,mapped,T1110,T1110;T1110.003;T1110.001,0,0,1,0.5,0,1,3040.752
hybrid_current,A2-T1189-01,A2,T1189,T1189,insufficient_evidence,,T1190;T1189;T1505.003,0,0,1,0.0,0,0,2622.514
hybrid_current,A2-T1189-02,A2,T1189,T1189,insufficient_evidence,,T1190;T1189;T1505.003,0,0,1,0.0,0,0,2693.816
hybrid_current,A2-T1189-03,A2,T1189,T1189,insufficient_evidence,,T1190;T1189;T1505.003,0,0,1,0.0,0,0,3248.746
hybrid_current,A2-T1498-01,A2,T1498,T1498,mapped,T1498,T1498;T1095;T1659,1,1,1,1.0,0,1,3473.717
hybrid_current,A2-T1498-02,A2,T1498,T1498,mapped,T1498,T1498;T1095;T1659,1,1,1,1.0,0,1,2854.277
hybrid_current,A2-T1498-03,A2,T1498,T1498,mapped,T1498,T1498;T1095;T1499,1,1,1,1.0,0,1,2214.177
hybrid_current,A2-T1498-04,A2,T1498,T1498,mapped,T1498,T1498;T1095;T1659,1,1,1,1.0,0,1,2192.206
hybrid_current,A2-T1498-05,A2,T1498,T1498,mapped,T1498,T1498;T1095;T1659,1,1,1,1.0,0,1,2141.369
hybrid_current,A2-T1499-01,A2,T1499,T1499,mapped,T1499,T1499;T1190;T1505.003,1,1,1,1.0,0,1,2392.951
hybrid_current,A2-T1499-02,A2,T1499,T1499,mapped,T1499,T1499;T1190;T1498,1,1,1,1.0,0,1,2354.157
hybrid_current,A2-T1499-03,A2,T1499,T1499,mapped,T1499,T1499;T1505.003;T1189,1,1,1,1.0,0,1,2619.722
hybrid_current,A2-T1499-04,A2,T1499,T1499,insufficient_evidence,,T1078;T1110;T1110.001,0,0,0,0.0,0,0,2445.272
hybrid_current,A2-T1499-05,A2,T1499,T1499,mapped,T1499,T1499;T1498;T1505.003,1,1,1,1.0,0,1,2688.584
hybrid_current,A2-T1505.003-01,A2,T1505.003,T1505.003,mapped,T1505.003,T1505.003;T1189;T1190,1,1,1,1.0,0,1,2294.707
hybrid_current,A2-T1505.003-02,A2,T1505.003,T1505.003,mapped,T1505.003,T1505.003;T1189;T1190,1,1,1,1.0,0,1,3361.854
hybrid_current,A2-T1505.003-03,A2,T1505.003,T1505.003,mapped,T1505.003,T1505.003;T1190;T1189,1,1,1,1.0,0,1,2888.69
hybrid_current,A2-T1505.003-04,A2,T1505.003,T1505.003,uncertain,T1190,T1190;T1505.003;T1189,0,0,1,0.0,1,1,2882.195
hybrid_current,A2-T1505.003-05,A2,T1505.003,T1505.003,insufficient_evidence,,T1190;T1505.003;T1189,0,0,1,0.0,0,0,3051.298
hybrid_current,A2-T1595-01,A2,T1595,T1595,insufficient_evidence,,T1095;T1659,0,0,0,0.0,0,0,2415.922
hybrid_current,A2-T1595-02,A2,T1595,T1595,mapped,T1595,T1595;T1046;T1595.001,1,1,1,1.0,0,1,2035.598
hybrid_current,A2-T1595-03,A2,T1595,T1595,mapped,T1595,T1595;T1046;T1595.002,1,1,1,1.0,0,1,2229.093
hybrid_current,A2-T1595-04,A2,T1595,T1595,mapped,T1595,T1595;T1046;T1595.001,1,1,1,1.0,0,1,2679.533
hybrid_current,A2-T1595-05,A2,T1595,T1595,mapped,T1595,T1595;T1046;T1595.001,1,1,1,1.0,0,1,2133.828
hybrid_current,A2-T1595.001-01,A2,T1595.001,T1595.001,mapped,T1595.001,T1595.001;T1046;T1595,1,1,1,1.0,0,1,2385.674
hybrid_current,A2-T1595.001-02,A2,T1595.001,T1595.001,mapped,T1595.001,T1595.001;T1046;T1595,1,1,1,1.0,0,1,2216.913
hybrid_current,A2-T1595.001-03,A2,T1595.001,T1595.001,mapped,T1595.001,T1595.001;T1046;T1595,1,1,1,1.0,0,1,2100.137
hybrid_current,A2-T1595.001-04,A2,T1595.001,T1595.001,mapped,T1595.001,T1595.001;T1046;T1595,1,1,1,1.0,0,1,2215.194
hybrid_current,A2-T1595.001-05,A2,T1595.001,T1595.001,mapped,T1595.001,T1595.001;T1046;T1595,1,1,1,1.0,0,1,2195.196
hybrid_current,A2-T1595.002-01,A2,T1595.002,T1595.002,mapped,T1046,T1046;T1595.002;T1595,0,0,1,0.0,1,1,2146.115
hybrid_current,A2-T1595.002-02,A2,T1595.002,T1595.002,mapped,T1595.002,T1595.002;T1046;T1595.003,1,1,1,1.0,0,1,2100.356
hybrid_current,A2-T1595.002-03,A2,T1595.002,T1595.002,mapped,T1046,T1046;T1595.002;T1595,0,0,1,0.0,1,1,2657.613
hybrid_current,A2-T1595.002-04,A2,T1595.002,T1595.002,insufficient_evidence,,T1046;T1595;T1595.002,0,0,1,0.0,0,0,2599.58
hybrid_current,A2-T1595.002-05,A2,T1595.002,T1595.002,mapped,T1595,T1595;T1595.002;T1046,0,0,1,0.5,0,1,2241.772
hybrid_current,A2-T1595.003-01,A2,T1595.003,T1595.003,mapped,T1046,T1046;T1595.003;T1595.002,0,0,1,0.0,1,1,2284.626
hybrid_current,A2-T1595.003-02,A2,T1595.003,T1595.003,mapped,T1046,T1046;T1595.003;T1595.002,0,0,1,0.0,1,1,2515.912
hybrid_current,A2-T1595.003-03,A2,T1595.003,T1595.003,mapped,T1046,T1046;T1595.003;T1595.002,0,0,1,0.0,1,1,2226.842
hybrid_current,A2-T1595.003-04,A2,T1595.003,T1595.003,mapped,T1046,T1046;T1595.003;T1595.002,0,0,1,0.0,1,1,2037.134
hybrid_current,A2-T1595.003-05,A2,T1595.003,T1595.003,mapped,T1046,T1046;T1595.003;T1595.002,0,0,1,0.0,1,1,2084.776
hybrid_current,A2-T1659-01,A2,T1659,T1659,insufficient_evidence,,T1190;T1505.003;T1189,0,0,0,0.0,0,0,2552.47
hybrid_current,A2-T1659-02,A2,T1659,T1659,insufficient_evidence,,T1190;T1505.003;T1189,0,0,0,0.0,0,0,2514.217
hybrid_current,A2-T1659-03,A2,T1659,T1659,mapped,T1190,T1190;T1505.003;T1189,0,0,0,0.0,1,1,2304.745
hybrid_current,A2-T1659-04,A2,T1659,T1659,mapped,T1190,T1190;T1505.003;T1189,0,0,0,0.0,1,1,2398.392
hybrid_current,A2-T1659-05,A2,T1659,T1659,insufficient_evidence,,,0,0,0,0.0,0,0,2532.806
